CommunicationComplexity.Deterministic.FiniteMessage.Protocol.complexity,CommunicationComplexity.Deterministic.FiniteMessage.Protocol
CommunicationComplexity.Deterministic.FiniteMessage.Protocol.ofProtocol,CommunicationComplexity.Deterministic.FiniteMessage.Protocol
CommunicationComplexity.Deterministic.FiniteMessage.Protocol.ofProtocol,CommunicationComplexity.Deterministic.Protocol
CommunicationComplexity.Deterministic.FiniteMessage.Protocol.ofProtocol_complexity,CommunicationComplexity.Deterministic.FiniteMessage.Protocol.complexity
CommunicationComplexity.Deterministic.FiniteMessage.Protocol.ofProtocol_complexity,CommunicationComplexity.Deterministic.FiniteMessage.Protocol.ofProtocol
CommunicationComplexity.Deterministic.FiniteMessage.Protocol.ofProtocol_complexity,CommunicationComplexity.Deterministic.Protocol
CommunicationComplexity.Deterministic.FiniteMessage.Protocol.ofProtocol_complexity,CommunicationComplexity.Deterministic.Protocol.complexity
CommunicationComplexity.Deterministic.FiniteMessage.Protocol.ofProtocol_equiv,CommunicationComplexity.Deterministic.FiniteMessage.Protocol
CommunicationComplexity.Deterministic.FiniteMessage.Protocol.ofProtocol_equiv,CommunicationComplexity.Deterministic.FiniteMessage.Protocol.complexity
CommunicationComplexity.Deterministic.FiniteMessage.Protocol.ofProtocol_equiv,CommunicationComplexity.Deterministic.FiniteMessage.Protocol.run
CommunicationComplexity.Deterministic.FiniteMessage.Protocol.ofProtocol_equiv,CommunicationComplexity.Deterministic.Protocol
CommunicationComplexity.Deterministic.FiniteMessage.Protocol.ofProtocol_equiv,CommunicationComplexity.Deterministic.Protocol.complexity
CommunicationComplexity.Deterministic.FiniteMessage.Protocol.ofProtocol_equiv,CommunicationComplexity.Deterministic.Protocol.run
CommunicationComplexity.Deterministic.FiniteMessage.Protocol.ofProtocol_run,CommunicationComplexity.Deterministic.FiniteMessage.Protocol.ofProtocol
CommunicationComplexity.Deterministic.FiniteMessage.Protocol.ofProtocol_run,CommunicationComplexity.Deterministic.FiniteMessage.Protocol.run
CommunicationComplexity.Deterministic.FiniteMessage.Protocol.ofProtocol_run,CommunicationComplexity.Deterministic.Protocol
CommunicationComplexity.Deterministic.FiniteMessage.Protocol.ofProtocol_run,CommunicationComplexity.Deterministic.Protocol.run
CommunicationComplexity.Deterministic.FiniteMessage.Protocol.run,CommunicationComplexity.Deterministic.FiniteMessage.Protocol
CommunicationComplexity.Deterministic.FiniteMessage.Protocol.toProtocol,CommunicationComplexity.Deterministic.FiniteMessage.Protocol
CommunicationComplexity.Deterministic.FiniteMessage.Protocol.toProtocol,CommunicationComplexity.Deterministic.FiniteMessage.Protocol.complexity
CommunicationComplexity.Deterministic.FiniteMessage.Protocol.toProtocol,CommunicationComplexity.Deterministic.FiniteMessage.Protocol.run
CommunicationComplexity.Deterministic.FiniteMessage.Protocol.toProtocol,CommunicationComplexity.Deterministic.Protocol
CommunicationComplexity.Deterministic.FiniteMessage.Protocol.toProtocol,CommunicationComplexity.Deterministic.Protocol.complexity
CommunicationComplexity.Deterministic.FiniteMessage.Protocol.toProtocol,CommunicationComplexity.Deterministic.Protocol.run
CommunicationComplexity.Deterministic.Protocol.IsSubprotocol,CommunicationComplexity.Deterministic.Protocol
CommunicationComplexity.Deterministic.Protocol.IsSubprotocol.trans,CommunicationComplexity.Deterministic.Protocol
CommunicationComplexity.Deterministic.Protocol.IsSubprotocol.trans,CommunicationComplexity.Deterministic.Protocol.IsSubprotocol
CommunicationComplexity.Deterministic.Protocol.SubprotocolPath,CommunicationComplexity.Deterministic.Protocol
CommunicationComplexity.Deterministic.Protocol.SubprotocolPath.numLeaves_le,CommunicationComplexity.Deterministic.Protocol
CommunicationComplexity.Deterministic.Protocol.SubprotocolPath.numLeaves_le,CommunicationComplexity.Deterministic.Protocol.SubprotocolPath
CommunicationComplexity.Deterministic.Protocol.SubprotocolPath.numLeaves_le,CommunicationComplexity.Deterministic.Protocol.numLeaves
CommunicationComplexity.Deterministic.Protocol.SubprotocolPath.toIsSubprotocol,CommunicationComplexity.Deterministic.Protocol
CommunicationComplexity.Deterministic.Protocol.SubprotocolPath.toIsSubprotocol,CommunicationComplexity.Deterministic.Protocol.IsSubprotocol
CommunicationComplexity.Deterministic.Protocol.SubprotocolPath.toIsSubprotocol,CommunicationComplexity.Deterministic.Protocol.SubprotocolPath
CommunicationComplexity.Deterministic.Protocol.alice_to_bob,CommunicationComplexity.Deterministic.Protocol
CommunicationComplexity.Deterministic.Protocol.alice_to_bob,CommunicationComplexity.Deterministic.Protocol.complexity
CommunicationComplexity.Deterministic.Protocol.alice_to_bob,CommunicationComplexity.Deterministic.Protocol.run
CommunicationComplexity.Deterministic.Protocol.balanced_subprotocol,CommunicationComplexity.Deterministic.Protocol
CommunicationComplexity.Deterministic.Protocol.balanced_subprotocol,CommunicationComplexity.Deterministic.Protocol.IsSubprotocol
CommunicationComplexity.Deterministic.Protocol.balanced_subprotocol,CommunicationComplexity.Deterministic.Protocol.numLeaves
CommunicationComplexity.Deterministic.Protocol.bob_to_alice,CommunicationComplexity.Deterministic.Protocol
CommunicationComplexity.Deterministic.Protocol.bob_to_alice,CommunicationComplexity.Deterministic.Protocol.complexity
CommunicationComplexity.Deterministic.Protocol.bob_to_alice,CommunicationComplexity.Deterministic.Protocol.run
CommunicationComplexity.Deterministic.Protocol.chooseOutput,CommunicationComplexity.Deterministic.Protocol
CommunicationComplexity.Deterministic.Protocol.complexity,CommunicationComplexity.Deterministic.Protocol
CommunicationComplexity.Deterministic.Protocol.computes,CommunicationComplexity.Deterministic.Protocol
CommunicationComplexity.Deterministic.Protocol.computes,CommunicationComplexity.Deterministic.Protocol.run
CommunicationComplexity.Deterministic.Protocol.deletePath,CommunicationComplexity.Deterministic.Protocol
CommunicationComplexity.Deterministic.Protocol.deletePath,CommunicationComplexity.Deterministic.Protocol.SubprotocolPath
CommunicationComplexity.Deterministic.Protocol.deletePath_exists_of_lt,CommunicationComplexity.Deterministic.Protocol
CommunicationComplexity.Deterministic.Protocol.deletePath_exists_of_lt,CommunicationComplexity.Deterministic.Protocol.SubprotocolPath
CommunicationComplexity.Deterministic.Protocol.deletePath_exists_of_lt,CommunicationComplexity.Deterministic.Protocol.deletePath
CommunicationComplexity.Deterministic.Protocol.deletePath_exists_of_lt,CommunicationComplexity.Deterministic.Protocol.numLeaves
CommunicationComplexity.Deterministic.Protocol.deletePath_ne_none_of_lt,CommunicationComplexity.Deterministic.Protocol
CommunicationComplexity.Deterministic.Protocol.deletePath_ne_none_of_lt,CommunicationComplexity.Deterministic.Protocol.SubprotocolPath
CommunicationComplexity.Deterministic.Protocol.deletePath_ne_none_of_lt,CommunicationComplexity.Deterministic.Protocol.deletePath
CommunicationComplexity.Deterministic.Protocol.deletePath_ne_none_of_lt,CommunicationComplexity.Deterministic.Protocol.numLeaves
CommunicationComplexity.Deterministic.Protocol.deletePath_numLeaves_of_some,CommunicationComplexity.Deterministic.Protocol
CommunicationComplexity.Deterministic.Protocol.deletePath_numLeaves_of_some,CommunicationComplexity.Deterministic.Protocol.SubprotocolPath
CommunicationComplexity.Deterministic.Protocol.deletePath_numLeaves_of_some,CommunicationComplexity.Deterministic.Protocol.deletePath
CommunicationComplexity.Deterministic.Protocol.deletePath_numLeaves_of_some,CommunicationComplexity.Deterministic.Protocol.numLeaves
CommunicationComplexity.Deterministic.Protocol.deletePath_run_outside_of_some,CommunicationComplexity.Deterministic.Protocol
CommunicationComplexity.Deterministic.Protocol.deletePath_run_outside_of_some,CommunicationComplexity.Deterministic.Protocol.SubprotocolPath
CommunicationComplexity.Deterministic.Protocol.deletePath_run_outside_of_some,CommunicationComplexity.Deterministic.Protocol.deletePath
CommunicationComplexity.Deterministic.Protocol.deletePath_run_outside_of_some,CommunicationComplexity.Deterministic.Protocol.reachesPath
CommunicationComplexity.Deterministic.Protocol.deletePath_run_outside_of_some,CommunicationComplexity.Deterministic.Protocol.run
CommunicationComplexity.Deterministic.Protocol.eq_of_deletePath_none,CommunicationComplexity.Deterministic.Protocol
CommunicationComplexity.Deterministic.Protocol.eq_of_deletePath_none,CommunicationComplexity.Deterministic.Protocol.SubprotocolPath
CommunicationComplexity.Deterministic.Protocol.eq_of_deletePath_none,CommunicationComplexity.Deterministic.Protocol.deletePath
CommunicationComplexity.Deterministic.Protocol.equiv,CommunicationComplexity.Deterministic.Protocol
CommunicationComplexity.Deterministic.Protocol.equiv,CommunicationComplexity.Deterministic.Protocol.run
CommunicationComplexity.Deterministic.Protocol.erasePath,CommunicationComplexity.Deterministic.Protocol
CommunicationComplexity.Deterministic.Protocol.erasePath,CommunicationComplexity.Deterministic.Protocol.SubprotocolPath
CommunicationComplexity.Deterministic.Protocol.erasePath,CommunicationComplexity.Deterministic.Protocol.chooseOutput
CommunicationComplexity.Deterministic.Protocol.erasePath_numLeaves,CommunicationComplexity.Deterministic.Protocol
CommunicationComplexity.Deterministic.Protocol.erasePath_numLeaves,CommunicationComplexity.Deterministic.Protocol.SubprotocolPath
CommunicationComplexity.Deterministic.Protocol.erasePath_numLeaves,CommunicationComplexity.Deterministic.Protocol.erasePath
CommunicationComplexity.Deterministic.Protocol.erasePath_numLeaves,CommunicationComplexity.Deterministic.Protocol.numLeaves
CommunicationComplexity.Deterministic.Protocol.erasePath_run_outside,CommunicationComplexity.Deterministic.Protocol
CommunicationComplexity.Deterministic.Protocol.erasePath_run_outside,CommunicationComplexity.Deterministic.Protocol.SubprotocolPath
CommunicationComplexity.Deterministic.Protocol.erasePath_run_outside,CommunicationComplexity.Deterministic.Protocol.erasePath
CommunicationComplexity.Deterministic.Protocol.erasePath_run_outside,CommunicationComplexity.Deterministic.Protocol.reachesPath
CommunicationComplexity.Deterministic.Protocol.erasePath_run_outside,CommunicationComplexity.Deterministic.Protocol.run
CommunicationComplexity.Deterministic.Protocol.erase_numLeaves,CommunicationComplexity.Deterministic.Protocol
CommunicationComplexity.Deterministic.Protocol.erase_numLeaves,CommunicationComplexity.Deterministic.Protocol.IsSubprotocol
CommunicationComplexity.Deterministic.Protocol.erase_numLeaves,CommunicationComplexity.Deterministic.Protocol.SubprotocolPath
CommunicationComplexity.Deterministic.Protocol.erase_numLeaves,CommunicationComplexity.Deterministic.Protocol.erasePath
CommunicationComplexity.Deterministic.Protocol.erase_numLeaves,CommunicationComplexity.Deterministic.Protocol.numLeaves
CommunicationComplexity.Deterministic.Protocol.erase_numLeaves,CommunicationComplexity.Deterministic.Protocol.path_exists_of_isSubprotocol
CommunicationComplexity.Deterministic.Protocol.erase_run_outside,CommunicationComplexity.Deterministic.Protocol
CommunicationComplexity.Deterministic.Protocol.erase_run_outside,CommunicationComplexity.Deterministic.Protocol.IsSubprotocol
CommunicationComplexity.Deterministic.Protocol.erase_run_outside,CommunicationComplexity.Deterministic.Protocol.SubprotocolPath
CommunicationComplexity.Deterministic.Protocol.erase_run_outside,CommunicationComplexity.Deterministic.Protocol.erasePath
CommunicationComplexity.Deterministic.Protocol.erase_run_outside,CommunicationComplexity.Deterministic.Protocol.path_exists_of_isSubprotocol
CommunicationComplexity.Deterministic.Protocol.erase_run_outside,CommunicationComplexity.Deterministic.Protocol.reaches
CommunicationComplexity.Deterministic.Protocol.erase_run_outside,CommunicationComplexity.Deterministic.Protocol.run
CommunicationComplexity.Deterministic.Protocol.leafRectangles,CommunicationComplexity.Deterministic.Protocol
CommunicationComplexity.Deterministic.Protocol.leafRectangles_card,CommunicationComplexity.Deterministic.Protocol
CommunicationComplexity.Deterministic.Protocol.leafRectangles_card,CommunicationComplexity.Deterministic.Protocol.complexity
CommunicationComplexity.Deterministic.Protocol.leafRectangles_card,CommunicationComplexity.Deterministic.Protocol.leafRectangles
CommunicationComplexity.Deterministic.Protocol.leafRectangles_cover,CommunicationComplexity.Deterministic.Protocol
CommunicationComplexity.Deterministic.Protocol.leafRectangles_cover,CommunicationComplexity.Deterministic.Protocol.leafRectangles
CommunicationComplexity.Deterministic.Protocol.leafRectangles_disjoint,CommunicationComplexity.Deterministic.Protocol
CommunicationComplexity.Deterministic.Protocol.leafRectangles_disjoint,CommunicationComplexity.Deterministic.Protocol.leafRectangles
CommunicationComplexity.Deterministic.Protocol.leafRectangles_isMonoPartition,CommunicationComplexity.Deterministic.Protocol
CommunicationComplexity.Deterministic.Protocol.leafRectangles_isMonoPartition,CommunicationComplexity.Deterministic.Protocol.computes
CommunicationComplexity.Deterministic.Protocol.leafRectangles_isMonoPartition,CommunicationComplexity.Deterministic.Protocol.leafRectangles
CommunicationComplexity.Deterministic.Protocol.leafRectangles_isMonoPartition,CommunicationComplexity.Rectangle.IsMonoPartition
CommunicationComplexity.Deterministic.Protocol.leafRectangles_isRectangle,CommunicationComplexity.Deterministic.Protocol
CommunicationComplexity.Deterministic.Protocol.leafRectangles_isRectangle,CommunicationComplexity.Deterministic.Protocol.leafRectangles
CommunicationComplexity.Deterministic.Protocol.leafRectangles_isRectangle,CommunicationComplexity.Rectangle.IsRectangle
CommunicationComplexity.Deterministic.Protocol.leafRectangles_mono,CommunicationComplexity.Deterministic.Protocol
CommunicationComplexity.Deterministic.Protocol.leafRectangles_mono,CommunicationComplexity.Deterministic.Protocol.computes
CommunicationComplexity.Deterministic.Protocol.leafRectangles_mono,CommunicationComplexity.Deterministic.Protocol.leafRectangles
CommunicationComplexity.Deterministic.Protocol.leafRectangles_mono,CommunicationComplexity.Rectangle.IsMonochromatic
CommunicationComplexity.Deterministic.Protocol.numLeaves,CommunicationComplexity.Deterministic.Protocol
CommunicationComplexity.Deterministic.Protocol.numLeaves,CommunicationComplexity.Deterministic.Protocol.shape
CommunicationComplexity.Deterministic.Protocol.path_exists_of_isSubprotocol,CommunicationComplexity.Deterministic.Protocol
CommunicationComplexity.Deterministic.Protocol.path_exists_of_isSubprotocol,CommunicationComplexity.Deterministic.Protocol.IsSubprotocol
CommunicationComplexity.Deterministic.Protocol.path_exists_of_isSubprotocol,CommunicationComplexity.Deterministic.Protocol.SubprotocolPath
CommunicationComplexity.Deterministic.Protocol.prunePath_numLeaves_of_lt,CommunicationComplexity.Deterministic.Protocol
CommunicationComplexity.Deterministic.Protocol.prunePath_numLeaves_of_lt,CommunicationComplexity.Deterministic.Protocol.SubprotocolPath
CommunicationComplexity.Deterministic.Protocol.prunePath_numLeaves_of_lt,CommunicationComplexity.Deterministic.Protocol.deletePath
CommunicationComplexity.Deterministic.Protocol.prunePath_numLeaves_of_lt,CommunicationComplexity.Deterministic.Protocol.deletePath_exists_of_lt
CommunicationComplexity.Deterministic.Protocol.prunePath_numLeaves_of_lt,CommunicationComplexity.Deterministic.Protocol.numLeaves
CommunicationComplexity.Deterministic.Protocol.prunePath_run_outside_of_lt,CommunicationComplexity.Deterministic.Protocol
CommunicationComplexity.Deterministic.Protocol.prunePath_run_outside_of_lt,CommunicationComplexity.Deterministic.Protocol.SubprotocolPath
CommunicationComplexity.Deterministic.Protocol.prunePath_run_outside_of_lt,CommunicationComplexity.Deterministic.Protocol.deletePath
CommunicationComplexity.Deterministic.Protocol.prunePath_run_outside_of_lt,CommunicationComplexity.Deterministic.Protocol.deletePath_exists_of_lt
CommunicationComplexity.Deterministic.Protocol.prunePath_run_outside_of_lt,CommunicationComplexity.Deterministic.Protocol.numLeaves
CommunicationComplexity.Deterministic.Protocol.prunePath_run_outside_of_lt,CommunicationComplexity.Deterministic.Protocol.reachesPath
CommunicationComplexity.Deterministic.Protocol.prunePath_run_outside_of_lt,CommunicationComplexity.Deterministic.Protocol.run
CommunicationComplexity.Deterministic.Protocol.prunePath_spec,CommunicationComplexity.Deterministic.Protocol
CommunicationComplexity.Deterministic.Protocol.prunePath_spec,CommunicationComplexity.Deterministic.Protocol.SubprotocolPath
CommunicationComplexity.Deterministic.Protocol.prunePath_spec,CommunicationComplexity.Deterministic.Protocol.deletePath
CommunicationComplexity.Deterministic.Protocol.prunePath_spec,CommunicationComplexity.Deterministic.Protocol.deletePath_exists_of_lt
CommunicationComplexity.Deterministic.Protocol.prunePath_spec,CommunicationComplexity.Deterministic.Protocol.numLeaves
CommunicationComplexity.Deterministic.Protocol.prune_numLeaves_of_lt,CommunicationComplexity.Deterministic.Protocol
CommunicationComplexity.Deterministic.Protocol.prune_numLeaves_of_lt,CommunicationComplexity.Deterministic.Protocol.IsSubprotocol
CommunicationComplexity.Deterministic.Protocol.prune_numLeaves_of_lt,CommunicationComplexity.Deterministic.Protocol.SubprotocolPath
CommunicationComplexity.Deterministic.Protocol.prune_numLeaves_of_lt,CommunicationComplexity.Deterministic.Protocol.deletePath
CommunicationComplexity.Deterministic.Protocol.prune_numLeaves_of_lt,CommunicationComplexity.Deterministic.Protocol.deletePath_exists_of_lt
CommunicationComplexity.Deterministic.Protocol.prune_numLeaves_of_lt,CommunicationComplexity.Deterministic.Protocol.numLeaves
CommunicationComplexity.Deterministic.Protocol.prune_numLeaves_of_lt,CommunicationComplexity.Deterministic.Protocol.path_exists_of_isSubprotocol
CommunicationComplexity.Deterministic.Protocol.prune_run_outside_of_lt,CommunicationComplexity.Deterministic.Protocol
CommunicationComplexity.Deterministic.Protocol.prune_run_outside_of_lt,CommunicationComplexity.Deterministic.Protocol.IsSubprotocol
CommunicationComplexity.Deterministic.Protocol.prune_run_outside_of_lt,CommunicationComplexity.Deterministic.Protocol.SubprotocolPath
CommunicationComplexity.Deterministic.Protocol.prune_run_outside_of_lt,CommunicationComplexity.Deterministic.Protocol.deletePath
CommunicationComplexity.Deterministic.Protocol.prune_run_outside_of_lt,CommunicationComplexity.Deterministic.Protocol.deletePath_exists_of_lt
CommunicationComplexity.Deterministic.Protocol.prune_run_outside_of_lt,CommunicationComplexity.Deterministic.Protocol.numLeaves
CommunicationComplexity.Deterministic.Protocol.prune_run_outside_of_lt,CommunicationComplexity.Deterministic.Protocol.path_exists_of_isSubprotocol
CommunicationComplexity.Deterministic.Protocol.prune_run_outside_of_lt,CommunicationComplexity.Deterministic.Protocol.reaches
CommunicationComplexity.Deterministic.Protocol.prune_run_outside_of_lt,CommunicationComplexity.Deterministic.Protocol.run
CommunicationComplexity.Deterministic.Protocol.reachX,CommunicationComplexity.Deterministic.Protocol
CommunicationComplexity.Deterministic.Protocol.reachX,CommunicationComplexity.Deterministic.Protocol.IsSubprotocol
CommunicationComplexity.Deterministic.Protocol.reachX,CommunicationComplexity.Deterministic.Protocol.SubprotocolPath
CommunicationComplexity.Deterministic.Protocol.reachX,CommunicationComplexity.Deterministic.Protocol.path_exists_of_isSubprotocol
CommunicationComplexity.Deterministic.Protocol.reachX,CommunicationComplexity.Deterministic.Protocol.reachXPath
CommunicationComplexity.Deterministic.Protocol.reachXPath,CommunicationComplexity.Deterministic.Protocol
CommunicationComplexity.Deterministic.Protocol.reachXPath,CommunicationComplexity.Deterministic.Protocol.SubprotocolPath
CommunicationComplexity.Deterministic.Protocol.reachY,CommunicationComplexity.Deterministic.Protocol
CommunicationComplexity.Deterministic.Protocol.reachY,CommunicationComplexity.Deterministic.Protocol.IsSubprotocol
CommunicationComplexity.Deterministic.Protocol.reachY,CommunicationComplexity.Deterministic.Protocol.SubprotocolPath
CommunicationComplexity.Deterministic.Protocol.reachY,CommunicationComplexity.Deterministic.Protocol.path_exists_of_isSubprotocol
CommunicationComplexity.Deterministic.Protocol.reachY,CommunicationComplexity.Deterministic.Protocol.reachYPath
CommunicationComplexity.Deterministic.Protocol.reachYPath,CommunicationComplexity.Deterministic.Protocol
CommunicationComplexity.Deterministic.Protocol.reachYPath,CommunicationComplexity.Deterministic.Protocol.SubprotocolPath
CommunicationComplexity.Deterministic.Protocol.reaches,CommunicationComplexity.Deterministic.Protocol
CommunicationComplexity.Deterministic.Protocol.reaches,CommunicationComplexity.Deterministic.Protocol.IsSubprotocol
CommunicationComplexity.Deterministic.Protocol.reaches,CommunicationComplexity.Deterministic.Protocol.reachX
CommunicationComplexity.Deterministic.Protocol.reaches,CommunicationComplexity.Deterministic.Protocol.reachY
CommunicationComplexity.Deterministic.Protocol.reachesPath,CommunicationComplexity.Deterministic.Protocol
CommunicationComplexity.Deterministic.Protocol.reachesPath,CommunicationComplexity.Deterministic.Protocol.SubprotocolPath
CommunicationComplexity.Deterministic.Protocol.reachesPath,CommunicationComplexity.Deterministic.Protocol.reachXPath
CommunicationComplexity.Deterministic.Protocol.reachesPath,CommunicationComplexity.Deterministic.Protocol.reachYPath
CommunicationComplexity.Deterministic.Protocol.reachesPath_isRectangle,CommunicationComplexity.Deterministic.Protocol
CommunicationComplexity.Deterministic.Protocol.reachesPath_isRectangle,CommunicationComplexity.Deterministic.Protocol.SubprotocolPath
CommunicationComplexity.Deterministic.Protocol.reachesPath_isRectangle,CommunicationComplexity.Deterministic.Protocol.reachesPath
CommunicationComplexity.Deterministic.Protocol.reachesPath_isRectangle,CommunicationComplexity.Rectangle.IsRectangle
CommunicationComplexity.Deterministic.Protocol.reachesPath_of_deletePath_none,CommunicationComplexity.Deterministic.Protocol
CommunicationComplexity.Deterministic.Protocol.reachesPath_of_deletePath_none,CommunicationComplexity.Deterministic.Protocol.SubprotocolPath
CommunicationComplexity.Deterministic.Protocol.reachesPath_of_deletePath_none,CommunicationComplexity.Deterministic.Protocol.deletePath
CommunicationComplexity.Deterministic.Protocol.reachesPath_of_deletePath_none,CommunicationComplexity.Deterministic.Protocol.reachesPath
CommunicationComplexity.Deterministic.Protocol.reaches_isRectangle,CommunicationComplexity.Deterministic.Protocol
CommunicationComplexity.Deterministic.Protocol.reaches_isRectangle,CommunicationComplexity.Deterministic.Protocol.IsSubprotocol
CommunicationComplexity.Deterministic.Protocol.reaches_isRectangle,CommunicationComplexity.Deterministic.Protocol.reaches
CommunicationComplexity.Deterministic.Protocol.reaches_isRectangle,CommunicationComplexity.Rectangle.IsRectangle
CommunicationComplexity.Deterministic.Protocol.rectangle_partition,CommunicationComplexity.Deterministic.Protocol
CommunicationComplexity.Deterministic.Protocol.rectangle_partition,CommunicationComplexity.Deterministic.Protocol.complexity
CommunicationComplexity.Deterministic.Protocol.rectangle_partition,CommunicationComplexity.Deterministic.Protocol.computes
CommunicationComplexity.Deterministic.Protocol.rectangle_partition,CommunicationComplexity.Deterministic.Protocol.leafRectangles
CommunicationComplexity.Deterministic.Protocol.rectangle_partition,CommunicationComplexity.Rectangle.IsMonoPartition
CommunicationComplexity.Deterministic.Protocol.run,CommunicationComplexity.Deterministic.Protocol
CommunicationComplexity.Deterministic.Protocol.shape,CommunicationComplexity.Deterministic.Protocol
CommunicationComplexity.Deterministic.Protocol.subprotocol_run_eq_of_reaches,CommunicationComplexity.Deterministic.Protocol
CommunicationComplexity.Deterministic.Protocol.subprotocol_run_eq_of_reaches,CommunicationComplexity.Deterministic.Protocol.IsSubprotocol
CommunicationComplexity.Deterministic.Protocol.subprotocol_run_eq_of_reaches,CommunicationComplexity.Deterministic.Protocol.reaches
CommunicationComplexity.Deterministic.Protocol.subprotocol_run_eq_of_reaches,CommunicationComplexity.Deterministic.Protocol.run
CommunicationComplexity.Deterministic.Protocol.subprotocol_run_eq_of_reachesPath,CommunicationComplexity.Deterministic.Protocol
CommunicationComplexity.Deterministic.Protocol.subprotocol_run_eq_of_reachesPath,CommunicationComplexity.Deterministic.Protocol.SubprotocolPath
CommunicationComplexity.Deterministic.Protocol.subprotocol_run_eq_of_reachesPath,CommunicationComplexity.Deterministic.Protocol.reachesPath
CommunicationComplexity.Deterministic.Protocol.subprotocol_run_eq_of_reachesPath,CommunicationComplexity.Deterministic.Protocol.run
CommunicationComplexity.Deterministic.Protocol.swap,CommunicationComplexity.Deterministic.Protocol
CommunicationComplexity.Deterministic.Protocol.swap_complexity,CommunicationComplexity.Deterministic.Protocol
CommunicationComplexity.Deterministic.Protocol.swap_complexity,CommunicationComplexity.Deterministic.Protocol.complexity
CommunicationComplexity.Deterministic.Protocol.swap_complexity,CommunicationComplexity.Deterministic.Protocol.swap
CommunicationComplexity.Deterministic.Protocol.swap_run,CommunicationComplexity.Deterministic.Protocol
CommunicationComplexity.Deterministic.Protocol.swap_run,CommunicationComplexity.Deterministic.Protocol.run
CommunicationComplexity.Deterministic.Protocol.swap_run,CommunicationComplexity.Deterministic.Protocol.swap
CommunicationComplexity.Deterministic.Protocol.testSubprotocol_run_inside,CommunicationComplexity.Deterministic.Protocol
CommunicationComplexity.Deterministic.Protocol.testSubprotocol_run_inside,CommunicationComplexity.Deterministic.Protocol.IsSubprotocol
CommunicationComplexity.Deterministic.Protocol.testSubprotocol_run_inside,CommunicationComplexity.Deterministic.Protocol.reachX
CommunicationComplexity.Deterministic.Protocol.testSubprotocol_run_inside,CommunicationComplexity.Deterministic.Protocol.reachY
CommunicationComplexity.Deterministic.Protocol.testSubprotocol_run_inside,CommunicationComplexity.Deterministic.Protocol.reaches
CommunicationComplexity.Deterministic.Protocol.testSubprotocol_run_inside,CommunicationComplexity.Deterministic.Protocol.run
CommunicationComplexity.Deterministic.Protocol.testSubprotocol_run_outside,CommunicationComplexity.Deterministic.Protocol
CommunicationComplexity.Deterministic.Protocol.testSubprotocol_run_outside,CommunicationComplexity.Deterministic.Protocol.IsSubprotocol
CommunicationComplexity.Deterministic.Protocol.testSubprotocol_run_outside,CommunicationComplexity.Deterministic.Protocol.reachX
CommunicationComplexity.Deterministic.Protocol.testSubprotocol_run_outside,CommunicationComplexity.Deterministic.Protocol.reachY
CommunicationComplexity.Deterministic.Protocol.testSubprotocol_run_outside,CommunicationComplexity.Deterministic.Protocol.reaches
CommunicationComplexity.Deterministic.Protocol.testSubprotocol_run_outside,CommunicationComplexity.Deterministic.Protocol.run
CommunicationComplexity.Deterministic.Protocol.theorem_1_7_experiment,CommunicationComplexity.Deterministic.Protocol
CommunicationComplexity.Deterministic.Protocol.theorem_1_7_experiment,CommunicationComplexity.Deterministic.Protocol.complexity
CommunicationComplexity.Deterministic.Protocol.theorem_1_7_experiment,CommunicationComplexity.Deterministic.Protocol.numLeaves
CommunicationComplexity.Deterministic.Protocol.theorem_1_7_experiment,CommunicationComplexity.Deterministic.Protocol.run
CommunicationComplexity.Deterministic.Rank.boolFunctionRank,CommunicationComplexity.Deterministic.Rank.boolFunctionMatrix
CommunicationComplexity.Deterministic.Rank.boolFunctionRank_le_ncard,CommunicationComplexity.Deterministic.Rank.boolFunctionRank
CommunicationComplexity.Deterministic.Rank.boolFunctionRank_le_ncard,CommunicationComplexity.Rectangle.IsMonoPartition
CommunicationComplexity.Deterministic.Rank.boolFunctionRank_le_pow_of_communicationComplexity_le,CommunicationComplexity.Deterministic.Rank.boolFunctionRank
CommunicationComplexity.Deterministic.Rank.boolFunctionRank_le_pow_of_communicationComplexity_le,CommunicationComplexity.Deterministic.communicationComplexity
CommunicationComplexity.Deterministic.Rank.log_rank_lower_bound,CommunicationComplexity.Deterministic.Rank.boolFunctionRank
CommunicationComplexity.Deterministic.Rank.log_rank_lower_bound,CommunicationComplexity.Deterministic.communicationComplexity
CommunicationComplexity.Deterministic.Rank.rank_rectMatrix_le_one,CommunicationComplexity.Deterministic.Rank.rectMatrix
CommunicationComplexity.Deterministic.Rank.rank_rectMatrix_le_one,CommunicationComplexity.Rectangle.IsRectangle
CommunicationComplexity.Deterministic.communicationComplexity,CommunicationComplexity.Deterministic.Protocol
CommunicationComplexity.Deterministic.communicationComplexity,CommunicationComplexity.Deterministic.Protocol.complexity
CommunicationComplexity.Deterministic.communicationComplexity,CommunicationComplexity.Deterministic.Protocol.computes
CommunicationComplexity.Deterministic.communicationComplexity_le_clog_card,CommunicationComplexity.Deterministic.communicationComplexity
CommunicationComplexity.Deterministic.communicationComplexity_le_clog_card_X_alpha,CommunicationComplexity.Deterministic.communicationComplexity
CommunicationComplexity.Deterministic.communicationComplexity_le_clog_card_Y_alpha,CommunicationComplexity.Deterministic.communicationComplexity
CommunicationComplexity.Deterministic.communicationComplexity_le_iff,CommunicationComplexity.Deterministic.Protocol
CommunicationComplexity.Deterministic.communicationComplexity_le_iff,CommunicationComplexity.Deterministic.Protocol.complexity
CommunicationComplexity.Deterministic.communicationComplexity_le_iff,CommunicationComplexity.Deterministic.Protocol.computes
CommunicationComplexity.Deterministic.communicationComplexity_le_iff,CommunicationComplexity.Deterministic.communicationComplexity
CommunicationComplexity.Deterministic.communicationComplexity_le_iff_finiteMessage,CommunicationComplexity.Deterministic.FiniteMessage.Protocol
CommunicationComplexity.Deterministic.communicationComplexity_le_iff_finiteMessage,CommunicationComplexity.Deterministic.FiniteMessage.Protocol.complexity
CommunicationComplexity.Deterministic.communicationComplexity_le_iff_finiteMessage,CommunicationComplexity.Deterministic.FiniteMessage.Protocol.run
CommunicationComplexity.Deterministic.communicationComplexity_le_iff_finiteMessage,CommunicationComplexity.Deterministic.communicationComplexity
CommunicationComplexity.Deterministic.communicationComplexity_lower_bound,CommunicationComplexity.Deterministic.communicationComplexity
CommunicationComplexity.Deterministic.communicationComplexity_lower_bound,CommunicationComplexity.Rectangle.IsMonoPartition
CommunicationComplexity.Deterministic.le_communicationComplexity_iff,CommunicationComplexity.Deterministic.Protocol
CommunicationComplexity.Deterministic.le_communicationComplexity_iff,CommunicationComplexity.Deterministic.Protocol.complexity
CommunicationComplexity.Deterministic.le_communicationComplexity_iff,CommunicationComplexity.Deterministic.Protocol.computes
CommunicationComplexity.Deterministic.le_communicationComplexity_iff,CommunicationComplexity.Deterministic.communicationComplexity
CommunicationComplexity.Deterministic.mono_partition_of_communicationComplexity_le,CommunicationComplexity.Deterministic.communicationComplexity
CommunicationComplexity.Deterministic.mono_partition_of_communicationComplexity_le,CommunicationComplexity.Rectangle.IsMonoPartition
CommunicationComplexity.Examples.Equality.communicationComplexity_eq,CommunicationComplexity.Deterministic.communicationComplexity
CommunicationComplexity.Examples.Equality.communicationComplexity_eq,CommunicationComplexity.Examples.Equality.eq
CommunicationComplexity.Examples.Equality.communicationComplexity_le,CommunicationComplexity.Deterministic.communicationComplexity
CommunicationComplexity.Examples.Equality.communicationComplexity_le,CommunicationComplexity.Examples.Equality.eq
CommunicationComplexity.Examples.Equality.communicationComplexity_zero,CommunicationComplexity.Deterministic.communicationComplexity
CommunicationComplexity.Examples.Equality.communicationComplexity_zero,CommunicationComplexity.Examples.Equality.eq
CommunicationComplexity.Examples.Equality.le_communicationComplexity,CommunicationComplexity.Deterministic.communicationComplexity
CommunicationComplexity.Examples.Equality.le_communicationComplexity,CommunicationComplexity.Examples.Equality.eq
CommunicationComplexity.PrivateCoin.FiniteMessage.Protocol.complexity,CommunicationComplexity.PrivateCoin.FiniteMessage.Protocol
CommunicationComplexity.PrivateCoin.FiniteMessage.Protocol.ofProtocol,CommunicationComplexity.PrivateCoin.FiniteMessage.Protocol
CommunicationComplexity.PrivateCoin.FiniteMessage.Protocol.ofProtocol,CommunicationComplexity.PrivateCoin.Protocol
CommunicationComplexity.PrivateCoin.FiniteMessage.Protocol.ofProtocol_complexity,CommunicationComplexity.PrivateCoin.FiniteMessage.Protocol.complexity
CommunicationComplexity.PrivateCoin.FiniteMessage.Protocol.ofProtocol_complexity,CommunicationComplexity.PrivateCoin.FiniteMessage.Protocol.ofProtocol
CommunicationComplexity.PrivateCoin.FiniteMessage.Protocol.ofProtocol_complexity,CommunicationComplexity.PrivateCoin.Protocol
CommunicationComplexity.PrivateCoin.FiniteMessage.Protocol.ofProtocol_complexity,CommunicationComplexity.PrivateCoin.Protocol.complexity
CommunicationComplexity.PrivateCoin.FiniteMessage.Protocol.ofProtocol_equiv,CommunicationComplexity.PrivateCoin.FiniteMessage.Protocol
CommunicationComplexity.PrivateCoin.FiniteMessage.Protocol.ofProtocol_equiv,CommunicationComplexity.PrivateCoin.FiniteMessage.Protocol.complexity
CommunicationComplexity.PrivateCoin.FiniteMessage.Protocol.ofProtocol_equiv,CommunicationComplexity.PrivateCoin.FiniteMessage.Protocol.run
CommunicationComplexity.PrivateCoin.FiniteMessage.Protocol.ofProtocol_equiv,CommunicationComplexity.PrivateCoin.Protocol
CommunicationComplexity.PrivateCoin.FiniteMessage.Protocol.ofProtocol_equiv,CommunicationComplexity.PrivateCoin.Protocol.complexity
CommunicationComplexity.PrivateCoin.FiniteMessage.Protocol.ofProtocol_equiv,CommunicationComplexity.PrivateCoin.Protocol.run
CommunicationComplexity.PrivateCoin.FiniteMessage.Protocol.ofProtocol_run,CommunicationComplexity.PrivateCoin.FiniteMessage.Protocol.ofProtocol
CommunicationComplexity.PrivateCoin.FiniteMessage.Protocol.ofProtocol_run,CommunicationComplexity.PrivateCoin.FiniteMessage.Protocol.run
CommunicationComplexity.PrivateCoin.FiniteMessage.Protocol.ofProtocol_run,CommunicationComplexity.PrivateCoin.Protocol
CommunicationComplexity.PrivateCoin.FiniteMessage.Protocol.ofProtocol_run,CommunicationComplexity.PrivateCoin.Protocol.run
CommunicationComplexity.PrivateCoin.FiniteMessage.Protocol.run,CommunicationComplexity.PrivateCoin.FiniteMessage.Protocol
CommunicationComplexity.PrivateCoin.FiniteMessage.Protocol.toProtocol,CommunicationComplexity.PrivateCoin.FiniteMessage.Protocol
CommunicationComplexity.PrivateCoin.FiniteMessage.Protocol.toProtocol,CommunicationComplexity.PrivateCoin.FiniteMessage.Protocol.complexity
CommunicationComplexity.PrivateCoin.FiniteMessage.Protocol.toProtocol,CommunicationComplexity.PrivateCoin.FiniteMessage.Protocol.run
CommunicationComplexity.PrivateCoin.FiniteMessage.Protocol.toProtocol,CommunicationComplexity.PrivateCoin.Protocol
CommunicationComplexity.PrivateCoin.FiniteMessage.Protocol.toProtocol,CommunicationComplexity.PrivateCoin.Protocol.complexity
CommunicationComplexity.PrivateCoin.FiniteMessage.Protocol.toProtocol,CommunicationComplexity.PrivateCoin.Protocol.run
CommunicationComplexity.PrivateCoin.Protocol.approx_computes,CommunicationComplexity.PrivateCoin.Protocol
CommunicationComplexity.PrivateCoin.Protocol.approx_computes,CommunicationComplexity.PrivateCoin.Protocol.run
CommunicationComplexity.PrivateCoin.Protocol.complexity,CommunicationComplexity.PrivateCoin.Protocol
CommunicationComplexity.PrivateCoin.Protocol.measurable_preimage_run,CommunicationComplexity.PrivateCoin.Protocol
CommunicationComplexity.PrivateCoin.Protocol.measurable_preimage_run,CommunicationComplexity.PrivateCoin.Protocol.run
CommunicationComplexity.PrivateCoin.Protocol.run,CommunicationComplexity.PrivateCoin.Protocol
CommunicationComplexity.PrivateCoin.Protocol.swap,CommunicationComplexity.PrivateCoin.Protocol
CommunicationComplexity.PrivateCoin.Protocol.swap_complexity,CommunicationComplexity.PrivateCoin.Protocol
CommunicationComplexity.PrivateCoin.Protocol.swap_complexity,CommunicationComplexity.PrivateCoin.Protocol.complexity
CommunicationComplexity.PrivateCoin.Protocol.swap_complexity,CommunicationComplexity.PrivateCoin.Protocol.swap
CommunicationComplexity.PrivateCoin.Protocol.swap_run,CommunicationComplexity.PrivateCoin.Protocol
CommunicationComplexity.PrivateCoin.Protocol.swap_run,CommunicationComplexity.PrivateCoin.Protocol.run
CommunicationComplexity.PrivateCoin.Protocol.swap_run,CommunicationComplexity.PrivateCoin.Protocol.swap
CommunicationComplexity.PrivateCoin.communicationComplexity,CommunicationComplexity.PrivateCoin.Protocol
CommunicationComplexity.PrivateCoin.communicationComplexity,CommunicationComplexity.PrivateCoin.Protocol.approx_computes
CommunicationComplexity.PrivateCoin.communicationComplexity,CommunicationComplexity.PrivateCoin.Protocol.complexity
CommunicationComplexity.PrivateCoin.communicationComplexity_le_deterministic,CommunicationComplexity.Deterministic.communicationComplexity
CommunicationComplexity.PrivateCoin.communicationComplexity_le_deterministic,CommunicationComplexity.PrivateCoin.communicationComplexity
CommunicationComplexity.PrivateCoin.communicationComplexity_le_iff,CommunicationComplexity.PrivateCoin.Protocol
CommunicationComplexity.PrivateCoin.communicationComplexity_le_iff,CommunicationComplexity.PrivateCoin.Protocol.approx_computes
CommunicationComplexity.PrivateCoin.communicationComplexity_le_iff,CommunicationComplexity.PrivateCoin.Protocol.complexity
CommunicationComplexity.PrivateCoin.communicationComplexity_le_iff,CommunicationComplexity.PrivateCoin.communicationComplexity
CommunicationComplexity.PrivateCoin.communicationComplexity_le_iff_finiteMessage,CommunicationComplexity.PrivateCoin.FiniteMessage.Protocol
CommunicationComplexity.PrivateCoin.communicationComplexity_le_iff_finiteMessage,CommunicationComplexity.PrivateCoin.FiniteMessage.Protocol.complexity
CommunicationComplexity.PrivateCoin.communicationComplexity_le_iff_finiteMessage,CommunicationComplexity.PrivateCoin.FiniteMessage.Protocol.run
CommunicationComplexity.PrivateCoin.communicationComplexity_le_iff_finiteMessage,CommunicationComplexity.PrivateCoin.communicationComplexity
CommunicationComplexity.PrivateCoin.communicationComplexity_le_of_finiteMessage_protocol,CommunicationComplexity.PrivateCoin.FiniteMessage.Protocol
CommunicationComplexity.PrivateCoin.communicationComplexity_le_of_finiteMessage_protocol,CommunicationComplexity.PrivateCoin.FiniteMessage.Protocol.complexity
CommunicationComplexity.PrivateCoin.communicationComplexity_le_of_finiteMessage_protocol,CommunicationComplexity.PrivateCoin.FiniteMessage.Protocol.run
CommunicationComplexity.PrivateCoin.communicationComplexity_le_of_finiteMessage_protocol,CommunicationComplexity.PrivateCoin.communicationComplexity
CommunicationComplexity.PrivateCoin.communicationComplexity_le_of_protocol,CommunicationComplexity.PrivateCoin.Protocol
CommunicationComplexity.PrivateCoin.communicationComplexity_le_of_protocol,CommunicationComplexity.PrivateCoin.Protocol.approx_computes
CommunicationComplexity.PrivateCoin.communicationComplexity_le_of_protocol,CommunicationComplexity.PrivateCoin.Protocol.complexity
CommunicationComplexity.PrivateCoin.communicationComplexity_le_of_protocol,CommunicationComplexity.PrivateCoin.communicationComplexity
CommunicationComplexity.PrivateCoin.le_communicationComplexity_iff,CommunicationComplexity.PrivateCoin.Protocol
CommunicationComplexity.PrivateCoin.le_communicationComplexity_iff,CommunicationComplexity.PrivateCoin.Protocol.approx_computes
CommunicationComplexity.PrivateCoin.le_communicationComplexity_iff,CommunicationComplexity.PrivateCoin.Protocol.complexity
CommunicationComplexity.PrivateCoin.le_communicationComplexity_iff,CommunicationComplexity.PrivateCoin.communicationComplexity
CommunicationComplexity.Rectangle.IsMonoPartition,CommunicationComplexity.Rectangle.IsMonochromatic
CommunicationComplexity.Rectangle.IsMonoPartition,CommunicationComplexity.Rectangle.IsRectangle
CommunicationComplexity.Rectangle.IsMonoPartition.apply_eq,CommunicationComplexity.Rectangle.IsMonoPartition
CommunicationComplexity.Rectangle.IsMonoPartition.cross_mem,CommunicationComplexity.Rectangle.IsMonoPartition
CommunicationComplexity.Rectangle.IsMonoPartition.eq_of_mem,CommunicationComplexity.Rectangle.IsMonoPartition
CommunicationComplexity.Rectangle.IsMonoPartition.exists_mem,CommunicationComplexity.Rectangle.IsMonoPartition
CommunicationComplexity.Rectangle.IsRectangle_iff,CommunicationComplexity.Rectangle.IsRectangle
Matrix.rank_sum_le,Matrix.rank_add_le
